drive_file_id,zip_name,byte_size
"10uslmdGoZka0AolDM5ZbFPv7hTGiltaq","trends_export_1783132798422.zip",669063
"1WkRkaC-WWCByJllrD1njPYbQAUnLOBbk","trends_export_1783132807419.zip",129030
"13Hm4rt8CZB-etQVTUAqd72ex9WBcgouA","trends_export_1783132813029.zip",4426
"1MGZvYTNhSnfOPNCcMMznZKqp_7Xra1kW","trends_export_1783132819168.zip",62168
"1JQFJIAnSMJlm6khvl5YXoGDTjpl5DU4k","trends_export_1783132825322.zip",4128
"1ISZ_yg4tACoeWjlkH9bK9G5D2dHkVhkR","trends_export_1783132831152.zip",4098
"1vjvGk45npuYEThUxcIUTksWP0eDSC6Ez","trends_export_1783132838861.zip",132332
"1sb3Jf3M2u7YuHXXR1_58Z7hp4myy7vmu","trends_export_1783132844496.zip",2546
"1x3DHERvBPC4udI8ytHfN6jEa9rn91tKp","trends_export_1783132852537.zip",2496
"1crCYvH3-49sWX2zYIpXqrwiRpqLwPjhc","trends_export_1783132858197.zip",2498
"1eQq-5N-FI0GWdDDKHW_YpU_VtSVw--7r","trends_export_1783132863823.zip",2620
"1F5fTNe4ctRf_QKh3GnNm6k1KcPAvtjM9","trends_export_1783132874321.zip",112333
"1z0iH5VM5jOm6sBnJzYZterKx40XFfuqi","trends_export_1783132882016.zip",6100
"1gMZUypqaTQFjFj5zBacV-c-JIQG1Fngy","trends_export_1783132888557.zip",6022
"1h1yD2TY7qeDUutE5wnvY_D1or6NRb_jY","trends_export_1783132900938.zip",224995
"1IxTOR2Ciq1z0oV63NWJBmV5t_3ExmolU","trends_export_1783132911984.zip",426437
"1oH6or5uTZXKF09wJ31KBMJq_EGuiBLIo","trends_export_1783132920950.zip",2514
"1Q4EsTVsFb2vf0N2Gf_exYnaPh6du_CLQ","trends_export_1783132926975.zip",2519
"1S_V76yd3X2LyXPmlMbE2vwl92P8Nb4I7","trends_export_1783132934182.zip",2518
"1OTmUNgKXDgLJKl9vQZoThvchxoTUc7Va","trends_export_1783132944350.zip",67934
"1IOy355-1R4iu9qzjmgXcS9VwlLvA-dPq","trends_export_1783132951031.zip",120346
"1hGO9hkRsgyOVBAbCur4ZaD4NWLL2ROQk","trends_export_1783132960069.zip",5793
"1gtwYNe2A9IznUTpNoqOl3ZrcxiLCvzzS","trends_export_1783132968050.zip",5771
"18UYrWocZ4jZNodlTk1QV-JHDL9r7bFng","trends_export_1783132978563.zip",2486
"1hfILC5-kdvofKpFvyNQOiNJlav1o3V8k","trends_export_1783132988065.zip",149707
"13fHgtfYoSy8seb4a7Ie-dK-y_AmaJ4BV","trends_export_1783132999904.zip",149707
"1h9rj9k0dYsdcsOVQ9Ta2hs_ShDC1VDrX","trends_export_1783133007679.zip",144625
"19fyJPknFfQSfhTL9D84x3hvF5Q_TJj4L","trends_export_1783133017086.zip",147775
"12YLnEiwJEan5VLub3NSP49l_9YYyKFar","trends_export_1783133025380.zip",2491
"1sL45kg2-OlXn5q3MID29DLd2Va0O3Gy-","trends_export_1783133032104.zip",2497
"1AE4rUu_1yyLgBFIaBNjQqUCI7A0d5cVz","trends_export_1783133037559.zip",2495
"1dOY0ulVOBlhQT00UPAgNR_RMIROnFsTW","trends_export_1783133044212.zip",2495
"1F3FmuvTr6yZlvwxr30Hrea56KszEzaiY","trends_export_1783133052851.zip",2500
"1t-QBsvoD3AEitkVWuf7yZ_tXJ8I1iSDV","trends_export_1783133058682.zip",2498
"1T_NmLOVWYiWse266s_5xfr-Slc4MgAp_","trends_export_1783133065616.zip",2616
"1TknRQmNbAGgQyaGoKbQlHYZrDD8cWdoR","trends_export_1783133072246.zip",2611
"1_2QxA1cICzZFzV90Smhqwv4jD7wVdms8","trends_export_1783133077930.zip",2497
"1jcY5pmGI-TKPeXB2SvTPLi_zlNAFN7er","trends_export_1783133085080.zip",2493
"1CzTeSRMNPHxAh7g6soq3ye5_2qwILViy","trends_export_1783133094694.zip",2252405
"16-iczv0X-Oi9p5w-KiKDadyJeX5dz32m","trends_export_1783133131721.zip",433217
"1WMaDcEgDRVIG3wbggPl476Rkyck6vUSN","trends_export_1783133144709.zip",90668
"1Bv5_nwB6TDr4aSA2_07iL4-osjrHg5nc","trends_export_1783133150997.zip",3994
"1vBPJJgeL_TwAQbsFHesYodLdMLeJO-Lx","trends_export_1783133157877.zip",122046
"1y_7PD_77w7C-dsFWgLaCSbcCJscNmuLp","trends_export_1783133164336.zip",6216
"1IhSO-vgZFCaE2QeeMrnk2vh-KaszoKdQ","trends_export_1783133169942.zip",6265
"1s9qLLGbf_nDEPUUlJXqKecRSwxfWzjV4","trends_export_1783133178439.zip",292946
"1ZXsXRQCe6uC1lwy8wun3Qh9CEE2k6QZM","trends_export_1783133188183.zip",6599
"1XiqN2SmsyXxjM9QE0HI0t-XNHn2yaAwZ","trends_export_1783133202012.zip",3601
"1GZRCducgslsnsue_mEIFPSNXG3XdaNQh","trends_export_1783133208025.zip",2533
"1d7cTny5wj9LaHDGnu0zNdiosrtmFcqOC","trends_export_1783133214278.zip",2558
"1KGc35_XFqRlzRpgG4jxbzv1ytye7-8L1","trends_export_1783133220741.zip",123001
"1hafS39_6KuA5CIsiXoDMzK9Md487FBuX","trends_export_1783133227281.zip",6485
"1e-jAKBugzsSuD5feGs0lkkD1LsLfNreh","trends_export_1783133234907.zip",6613
"1c4b_xHAyhrRxMCF1_c2FPaf9ZP9Lryic","trends_export_1783133244877.zip",297314
"1ctc8xNlwq5WIbkfjnSa0Mpw-thWrbQ9w","trends_export_1783133253648.zip",302930
"1Z5vFyypXvdpFc7tSvAkqL8DEgzG8xjHB","trends_export_1783133261794.zip",79015
"1Wp5eTIt7kwQ6iTq0GOa8arFPVi8FHL2l","trends_export_1783133269396.zip",76912
"1nh9sbqmWa5SxnwkOV2dFkyMicAc486dS","trends_export_1783133275465.zip",80057
"1YdbcPHlmcsqLPdSKuZkHonIJz9fAbD4K","trends_export_1783133283152.zip",76933
"11oL_iZMG3kM_VEGkv559UJ7Z0FQ8axWB","trends_export_1783133289804.zip",124903
"1ULUdkNIFBUprSnMpQpzAMW0vfz3nGC8n","trends_export_1783133301267.zip",6838
"17oE-0Yh72O_CR3TxWW4AzGtY9tkGRoS4","trends_export_1783133308627.zip",6861
"15pp7AYx2gNk9XaUYWPTYCq1qQq7B3e3k","trends_export_1783133316970.zip",2414
"1RsUW1abJtNutay9McC-9jsN4uqY2n95f","trends_export_1783133323101.zip",104296
"138GWi501mEHl2beixS2XaZepvehwUwkt","trends_export_1783133328980.zip",105498
"1s5TUW_9scf4-wtdbPq2zEOcIBfqW9PP1","trends_export_1783133335226.zip",103260
"1WaEyDWrV8srx04A61DV8OJOHfmDn3IeJ","trends_export_1783133344524.zip",10734
"1DWTcqSYtY91LvK3w1jEAUoDp6fCPl-F2","trends_export_1783133350028.zip",9598
"1iUxgFJ2lilL5VqpSiyclNxnWTkR9x4XS","trends_export_1783133356013.zip",10437
"1T2fM56k_eaLzsHC92i3bqMgpvNnUR4CY","trends_export_1783133364386.zip",2696
"1qr7jS2Dg0UPj42ON744Pi-kiCFore-WN","trends_export_1783133370583.zip",2683
"10wMbWRaH2o5EBQgPXVAlzwYGUDD_3CnE","trends_export_1783133377214.zip",2699
"1CIlS3hIJz2A5-NHuI0QKip3sWpYkS2Vi","trends_export_1783133382878.zip",2679
"1YCoeqOIyXbDHUfqekZTMaT0X-26HGppj","trends_export_1783133389112.zip",2687
"1nLkkL3FnZn1_rY-nuT4C7DE4pzH4QpyK","trends_export_1783133396453.zip",2724
"13jjOn-LQrDI_xJN6piuVYqqtPNkU0UHe","trends_export_1783133418134.zip",1228544
"13GqNWO9sPJswhMfuu9Xv1hiRHA8VqAzo","trends_export_1783133435861.zip",529233
"1Z4m7gmR5vKhCgn6AoDRRDhFpwyYAGfnS","trends_export_1783133458781.zip",722806
"1aEMO3OWib7ZYZM8SPMLyMkVq1W6PeaZE","trends_export_1783133473044.zip",149878
"1jPiBopkcz00phsc4DD1Qbs7K7P5dWr64","trends_export_1783133480643.zip",4655
"1v4ekrETgHUMgKjuuSS2Aqx_yNrXzIK5W","trends_export_1783133488308.zip",187002
"1pcmn7IcI_eZ2WFU2EL5G9181AvB0CCIj","trends_export_1783133495737.zip",8919
"1tlKx7NeevTBhP3oKSqpiB1byEvsEoYk1","trends_export_1783133504315.zip",8642
"1wkgSAlnlFB9ZChHsmCbmE7CX9R5dg_ys","trends_export_1783133520022.zip",437443
"1KrgtbS1toa2Pz4LT0h6BtQj_UNvcRFav","trends_export_1783133528371.zip",3721
"1aIkmvtvNSBVVF7rPXnwg3zD3sSuTq74S","trends_export_1783133534154.zip",2573
"1UXmhiNymi5kSj2B6HyGc7lAI7iWhsJFn","trends_export_1783133542190.zip",2436
"1wJysReZLfHKAbJuPt8in1Gyf_B6dOtSi","trends_export_1783133549064.zip",2450
"1AboanP_Gr1luoETMaolmOpRe86txIawv","trends_export_1783133558723.zip",179549
"123-ufuGwS3h9YVgRkK6eFAOsq6eJEZNa","trends_export_1783133566875.zip",8135
"18G9F1ef9_POfoVlvsEubedEjcUsfxxKp","trends_export_1783133573617.zip",8032
"1e9k5XuNdklOWmYxeln1RJWl_6vfCUJ08","trends_export_1783133586113.zip",417998
"1yVfIG7t5QfNv56GyKXTeU3JoXIPyG70S","trends_export_1783133598001.zip",2443
"1X1eyqxF6_pY92hi-sQ65Isqr3NsRO5Dy","trends_export_1783133604734.zip",2450
"1d130-nYVDaQKlpKm5pKVMC3BLrTpqjyp","trends_export_1783133610369.zip",2446
"1MDRAdq-cUA8Tr_0QBvKBAvKMGm8ZPwAF","trends_export_1783133617128.zip",2451
"1OCuKtjr5ScV4yMF9Dk7CxKvcLg8ViiJM","trends_export_1783133630079.zip",109431
"1OE9nvnuDNrADuR32gwpa2q05Gue-Zp57","trends_export_1783133639523.zip",2419
"1u71Q45d9UQ6Q5XqTl-T9GVoVWzlhfw5U","trends_export_1783133646957.zip",2422
"1WIC89gAbGYSk46NfhJfS0ixewmcIUHkZ","trends_export_1783133654017.zip",2418
"1y8IJrFsynEw8odtuxX2SYr65hTC47gxy","trends_export_1783133660098.zip",2418
"1NkGRqyZ7SUW6k3VHFL9akeP_yAFT6YKL","trends_export_1783133669557.zip",145055
"1uHOECkVhrRfoTuO-pc8Z9qi5aIFfGNHu","trends_export_1783133677375.zip",140454
"1cJLtkIi2kHLMRDEG4A9gItFh4ED0AFWX","trends_export_1783133685486.zip",137851
"1ReRcdnsj5wg4dG7rWgqNQGB3EP2B8rOq","trends_export_1783133691722.zip",2422
"14TRNr4kiEm76G99NMs_bIk1d2X2HMr15","trends_export_1783133697277.zip",2419
"1WJEFUog5AuvHiu6d5bobyz74JmqaMzYN","trends_export_1783133702941.zip",2428
"1NmpMego9yG7GrMUCAIb4giEDGtJvei9F","trends_export_1783133711658.zip",2428
"1hnFOODOPkMBRlTt3RnbvxVDZkgR-ggCw","trends_export_1783133719920.zip",2428
"10QGwINCdiykIQbKcwIO37QfnOykzTSFW","trends_export_1783133726544.zip",2426
"123atVucrnHRySp271RIfhAV44rp_JudF","trends_export_1783133733379.zip",2430
"15tbAwy54KYtAlXGuFcNfPKjHa0XPsYBy","trends_export_1783133741941.zip",2423
"18BJzjgY_LlUqr75u2ru2-GsxEdNoXhet","trends_export_1783133748150.zip",2420
"1sC4qwsJzwQZBWHXB3aIn6kPSCOT02VOq","trends_export_1783133753793.zip",2428
"17cVfAgZ2eroNm3rDIKtzQCOPozayJRYL","trends_export_1783133776742.zip",1237553
"1RfXpBlMagSXc7f18CWGBb7F-ZyZVHMO7","trends_export_1783133803322.zip",657240
"11mpmkytt6xXBw6DECNKgcCctM_oJ6eO1","trends_export_1783135708254.zip",464178
"1hYR5x_by2DXu8aEA0aGo8iwxPV_m5neI","trends_export_1783135718014.zip",148353
"1VaxfYUJPc4ieje0Y7tgl3GYtl1AotD_q","trends_export_1783135724964.zip",2480
"18dFMG0okKz_NtkCjJdfyk1QfMFrkONZj","trends_export_1783135731493.zip",173638
"19SRrq7d7OoMpGjLTpD1C7lK2mlpAqFDk","trends_export_1783135738220.zip",4429
"1N70qxMRoJCplHywMCunI_81gK2ka1iU_","trends_export_1783135744541.zip",4381
"1UETCerxiLfcFdviKKu3uonIFS3mC0lG7","trends_export_1783135756008.zip",472665
"1Q5opulMi0br3_gg-f5DJpHFhPdV2rl1w","trends_export_1783135766178.zip",53629
"1EkEnhLi-LYHS4dJRkgHfHDCFYUfu_j8Q","trends_export_1783135775788.zip",13271
"1xlao9JWO5Sk8NgdryxX15Q1dfaWfToVV","trends_export_1783135785010.zip",565
"1hDkAJydAbdBniEDHcIpDcuL0n2ZXbGzj","trends_export_1783135791077.zip",574
"1c4kEjhiMLIVCisW5_tNh2HYKgCnZqk4X","trends_export_1783135798833.zip",180597
"16BL_tJnJJZEzBU5td6jVwqdhv5wX7mLA","trends_export_1783135806083.zip",5840
"1Uju5O6tYwe5fmQdoP-0O_4SnHDkdb7GI","trends_export_1783135813416.zip",5730
"1XF2hkUoMEfnVkGF4ZPkspmO4tAhV7QaU","trends_export_1783135829321.zip",491297
"18XfAIOYCFbzMQuwsnIy1zeIQpJ0EBsw0","trends_export_1783135840403.zip",184
"1gJd5phWd2lvN6OpQD0cmWONSqgH21g_I","trends_export_1783135847400.zip",184
"1a4MKnRs2hwRQSJTbXH2OxR3Uzz6SgoKy","trends_export_1783135853634.zip",184
"1i0gsJDMeyqWjyQdk9oOEV1lH8WY35IJr","trends_export_1783135861554.zip",102736
"1X-JEeBOuXZuCt3WXnEIJkfaNRfXjocc1","trends_export_1783135871349.zip",107148
"1dGVEc02K20lzZ8h4DHpdXykBygksK_-1","trends_export_1783135880064.zip",184
"1oWPcrt99EN0NebxI7jJ_wj8xQv-jJG0S","trends_export_1783135887736.zip",184
"1I11DynHzEEhQc56eGlNdypZD6Jqm1V1n","trends_export_1783135899056.zip",184
"1bpvbFg2bJBGGli9_VtScCdmmHW6sAcr3","trends_export_1783135905554.zip",184
"1jDC9Zlj_dTTG5NvrofOANXVSJrDd0PdZ","trends_export_1783135971433.zip",8316
"1GB8Wv44QvnIZNZ8NNm2XD-4P9GsW0hRZ","trends_export_1783135995033.zip",416
"1pqhFx60FZ_od6kj4118wEUlQ45LpfOcX","trends_export_1783136016903.zip",398
"1pdmcMkLaU8DcdUnWjdeOVMdPdjgZHU0M","trends_export_1783137886568.zip",2979108
"1EjbjH7x8KePOCOJ-R8Ge99DiqChh_Z_h","trends_export_1783138013177.zip",4790258
