zip_name,drive_file_id,local_byte_size,drive_byte_size,match_status
trends_export_1783132798422.zip,10uslmdGoZka0AolDM5ZbFPv7hTGiltaq,669063,669063,matched
trends_export_1783132807419.zip,1WkRkaC-WWCByJllrD1njPYbQAUnLOBbk,129030,129030,matched
trends_export_1783132813029.zip,13Hm4rt8CZB-etQVTUAqd72ex9WBcgouA,4426,4426,matched
trends_export_1783132819168.zip,1MGZvYTNhSnfOPNCcMMznZKqp_7Xra1kW,62168,62168,matched
trends_export_1783132825322.zip,1JQFJIAnSMJlm6khvl5YXoGDTjpl5DU4k,4128,4128,matched
trends_export_1783132831152.zip,1ISZ_yg4tACoeWjlkH9bK9G5D2dHkVhkR,4098,4098,matched
trends_export_1783132838861.zip,1vjvGk45npuYEThUxcIUTksWP0eDSC6Ez,132332,132332,matched
trends_export_1783132844496.zip,1sb3Jf3M2u7YuHXXR1_58Z7hp4myy7vmu,2546,2546,matched
trends_export_1783132852537.zip,1x3DHERvBPC4udI8ytHfN6jEa9rn91tKp,2496,2496,matched
trends_export_1783132858197.zip,1crCYvH3-49sWX2zYIpXqrwiRpqLwPjhc,2498,2498,matched
trends_export_1783132863823.zip,1eQq-5N-FI0GWdDDKHW_YpU_VtSVw--7r,2620,2620,matched
trends_export_1783132874321.zip,1F5fTNe4ctRf_QKh3GnNm6k1KcPAvtjM9,112333,112333,matched
trends_export_1783132882016.zip,1z0iH5VM5jOm6sBnJzYZterKx40XFfuqi,6100,6100,matched
trends_export_1783132888557.zip,1gMZUypqaTQFjFj5zBacV-c-JIQG1Fngy,6022,6022,matched
trends_export_1783132900938.zip,1h1yD2TY7qeDUutE5wnvY_D1or6NRb_jY,224995,224995,matched
trends_export_1783132911984.zip,1IxTOR2Ciq1z0oV63NWJBmV5t_3ExmolU,426437,426437,matched
trends_export_1783132920950.zip,1oH6or5uTZXKF09wJ31KBMJq_EGuiBLIo,2514,2514,matched
trends_export_1783132926975.zip,1Q4EsTVsFb2vf0N2Gf_exYnaPh6du_CLQ,2519,2519,matched
trends_export_1783132934182.zip,1S_V76yd3X2LyXPmlMbE2vwl92P8Nb4I7,2518,2518,matched
trends_export_1783132944350.zip,1OTmUNgKXDgLJKl9vQZoThvchxoTUc7Va,67934,67934,matched
trends_export_1783132951031.zip,1IOy355-1R4iu9qzjmgXcS9VwlLvA-dPq,120346,120346,matched
trends_export_1783132960069.zip,1hGO9hkRsgyOVBAbCur4ZaD4NWLL2ROQk,5793,5793,matched
trends_export_1783132968050.zip,1gtwYNe2A9IznUTpNoqOl3ZrcxiLCvzzS,5771,5771,matched
trends_export_1783132978563.zip,18UYrWocZ4jZNodlTk1QV-JHDL9r7bFng,2486,2486,matched
trends_export_1783132988065.zip,1hfILC5-kdvofKpFvyNQOiNJlav1o3V8k,149707,149707,matched
trends_export_1783132999904.zip,13fHgtfYoSy8seb4a7Ie-dK-y_AmaJ4BV,149707,149707,matched
trends_export_1783133007679.zip,1h9rj9k0dYsdcsOVQ9Ta2hs_ShDC1VDrX,144625,144625,matched
trends_export_1783133017086.zip,19fyJPknFfQSfhTL9D84x3hvF5Q_TJj4L,147775,147775,matched
trends_export_1783133025380.zip,12YLnEiwJEan5VLub3NSP49l_9YYyKFar,2491,2491,matched
trends_export_1783133032104.zip,1sL45kg2-OlXn5q3MID29DLd2Va0O3Gy-,2497,2497,matched
trends_export_1783133037559.zip,1AE4rUu_1yyLgBFIaBNjQqUCI7A0d5cVz,2495,2495,matched
trends_export_1783133044212.zip,1dOY0ulVOBlhQT00UPAgNR_RMIROnFsTW,2495,2495,matched
trends_export_1783133052851.zip,1F3FmuvTr6yZlvwxr30Hrea56KszEzaiY,2500,2500,matched
trends_export_1783133058682.zip,1t-QBsvoD3AEitkVWuf7yZ_tXJ8I1iSDV,2498,2498,matched
trends_export_1783133065616.zip,1T_NmLOVWYiWse266s_5xfr-Slc4MgAp_,2616,2616,matched
trends_export_1783133072246.zip,1TknRQmNbAGgQyaGoKbQlHYZrDD8cWdoR,2611,2611,matched
trends_export_1783133077930.zip,1_2QxA1cICzZFzV90Smhqwv4jD7wVdms8,2497,2497,matched
trends_export_1783133085080.zip,1jcY5pmGI-TKPeXB2SvTPLi_zlNAFN7er,2493,2493,matched
trends_export_1783133094694.zip,1CzTeSRMNPHxAh7g6soq3ye5_2qwILViy,2252405,2252405,matched
trends_export_1783133131721.zip,16-iczv0X-Oi9p5w-KiKDadyJeX5dz32m,433217,433217,matched
trends_export_1783133144709.zip,1WMaDcEgDRVIG3wbggPl476Rkyck6vUSN,90668,90668,matched
trends_export_1783133150997.zip,1Bv5_nwB6TDr4aSA2_07iL4-osjrHg5nc,3994,3994,matched
trends_export_1783133157877.zip,1vBPJJgeL_TwAQbsFHesYodLdMLeJO-Lx,122046,122046,matched
trends_export_1783133164336.zip,1y_7PD_77w7C-dsFWgLaCSbcCJscNmuLp,6216,6216,matched
trends_export_1783133169942.zip,1IhSO-vgZFCaE2QeeMrnk2vh-KaszoKdQ,6265,6265,matched
trends_export_1783133178439.zip,1s9qLLGbf_nDEPUUlJXqKecRSwxfWzjV4,292946,292946,matched
trends_export_1783133188183.zip,1ZXsXRQCe6uC1lwy8wun3Qh9CEE2k6QZM,6599,6599,matched
trends_export_1783133202012.zip,1XiqN2SmsyXxjM9QE0HI0t-XNHn2yaAwZ,3601,3601,matched
trends_export_1783133208025.zip,1GZRCducgslsnsue_mEIFPSNXG3XdaNQh,2533,2533,matched
trends_export_1783133214278.zip,1d7cTny5wj9LaHDGnu0zNdiosrtmFcqOC,2558,2558,matched
trends_export_1783133220741.zip,1KGc35_XFqRlzRpgG4jxbzv1ytye7-8L1,123001,123001,matched
trends_export_1783133227281.zip,1hafS39_6KuA5CIsiXoDMzK9Md487FBuX,6485,6485,matched
trends_export_1783133234907.zip,1e-jAKBugzsSuD5feGs0lkkD1LsLfNreh,6613,6613,matched
trends_export_1783133244877.zip,1c4b_xHAyhrRxMCF1_c2FPaf9ZP9Lryic,297314,297314,matched
trends_export_1783133253648.zip,1ctc8xNlwq5WIbkfjnSa0Mpw-thWrbQ9w,302930,302930,matched
trends_export_1783133261794.zip,1Z5vFyypXvdpFc7tSvAkqL8DEgzG8xjHB,79015,79015,matched
trends_export_1783133269396.zip,1Wp5eTIt7kwQ6iTq0GOa8arFPVi8FHL2l,76912,76912,matched
trends_export_1783133275465.zip,1nh9sbqmWa5SxnwkOV2dFkyMicAc486dS,80057,80057,matched
trends_export_1783133283152.zip,1YdbcPHlmcsqLPdSKuZkHonIJz9fAbD4K,76933,76933,matched
trends_export_1783133289804.zip,11oL_iZMG3kM_VEGkv559UJ7Z0FQ8axWB,124903,124903,matched
trends_export_1783133301267.zip,1ULUdkNIFBUprSnMpQpzAMW0vfz3nGC8n,6838,6838,matched
trends_export_1783133308627.zip,17oE-0Yh72O_CR3TxWW4AzGtY9tkGRoS4,6861,6861,matched
trends_export_1783133316970.zip,15pp7AYx2gNk9XaUYWPTYCq1qQq7B3e3k,2414,2414,matched
trends_export_1783133323101.zip,1RsUW1abJtNutay9McC-9jsN4uqY2n95f,104296,104296,matched
trends_export_1783133328980.zip,138GWi501mEHl2beixS2XaZepvehwUwkt,105498,105498,matched
trends_export_1783133335226.zip,1s5TUW_9scf4-wtdbPq2zEOcIBfqW9PP1,103260,103260,matched
trends_export_1783133344524.zip,1WaEyDWrV8srx04A61DV8OJOHfmDn3IeJ,10734,10734,matched
trends_export_1783133350028.zip,1DWTcqSYtY91LvK3w1jEAUoDp6fCPl-F2,9598,9598,matched
trends_export_1783133356013.zip,1iUxgFJ2lilL5VqpSiyclNxnWTkR9x4XS,10437,10437,matched
trends_export_1783133364386.zip,1T2fM56k_eaLzsHC92i3bqMgpvNnUR4CY,2696,2696,matched
trends_export_1783133370583.zip,1qr7jS2Dg0UPj42ON744Pi-kiCFore-WN,2683,2683,matched
trends_export_1783133377214.zip,10wMbWRaH2o5EBQgPXVAlzwYGUDD_3CnE,2699,2699,matched
trends_export_1783133382878.zip,1CIlS3hIJz2A5-NHuI0QKip3sWpYkS2Vi,2679,2679,matched
trends_export_1783133389112.zip,1YCoeqOIyXbDHUfqekZTMaT0X-26HGppj,2687,2687,matched
trends_export_1783133396453.zip,1nLkkL3FnZn1_rY-nuT4C7DE4pzH4QpyK,2724,2724,matched
trends_export_1783133418134.zip,13jjOn-LQrDI_xJN6piuVYqqtPNkU0UHe,1228544,1228544,matched
trends_export_1783133435861.zip,13GqNWO9sPJswhMfuu9Xv1hiRHA8VqAzo,529233,529233,matched
trends_export_1783133458781.zip,1Z4m7gmR5vKhCgn6AoDRRDhFpwyYAGfnS,722806,722806,matched
trends_export_1783133473044.zip,1aEMO3OWib7ZYZM8SPMLyMkVq1W6PeaZE,149878,149878,matched
trends_export_1783133480643.zip,1jPiBopkcz00phsc4DD1Qbs7K7P5dWr64,4655,4655,matched
trends_export_1783133488308.zip,1v4ekrETgHUMgKjuuSS2Aqx_yNrXzIK5W,187002,187002,matched
trends_export_1783133495737.zip,1pcmn7IcI_eZ2WFU2EL5G9181AvB0CCIj,8919,8919,matched
trends_export_1783133504315.zip,1tlKx7NeevTBhP3oKSqpiB1byEvsEoYk1,8642,8642,matched
trends_export_1783133520022.zip,1wkgSAlnlFB9ZChHsmCbmE7CX9R5dg_ys,437443,437443,matched
trends_export_1783133528371.zip,1KrgtbS1toa2Pz4LT0h6BtQj_UNvcRFav,3721,3721,matched
trends_export_1783133534154.zip,1aIkmvtvNSBVVF7rPXnwg3zD3sSuTq74S,2573,2573,matched
trends_export_1783133542190.zip,1UXmhiNymi5kSj2B6HyGc7lAI7iWhsJFn,2436,2436,matched
trends_export_1783133549064.zip,1wJysReZLfHKAbJuPt8in1Gyf_B6dOtSi,2450,2450,matched
trends_export_1783133558723.zip,1AboanP_Gr1luoETMaolmOpRe86txIawv,179549,179549,matched
trends_export_1783133566875.zip,123-ufuGwS3h9YVgRkK6eFAOsq6eJEZNa,8135,8135,matched
trends_export_1783133573617.zip,18G9F1ef9_POfoVlvsEubedEjcUsfxxKp,8032,8032,matched
trends_export_1783133586113.zip,1e9k5XuNdklOWmYxeln1RJWl_6vfCUJ08,417998,417998,matched
trends_export_1783133598001.zip,1yVfIG7t5QfNv56GyKXTeU3JoXIPyG70S,2443,2443,matched
trends_export_1783133604734.zip,1X1eyqxF6_pY92hi-sQ65Isqr3NsRO5Dy,2450,2450,matched
trends_export_1783133610369.zip,1d130-nYVDaQKlpKm5pKVMC3BLrTpqjyp,2446,2446,matched
trends_export_1783133617128.zip,1MDRAdq-cUA8Tr_0QBvKBAvKMGm8ZPwAF,2451,2451,matched
trends_export_1783133630079.zip,1OCuKtjr5ScV4yMF9Dk7CxKvcLg8ViiJM,109431,109431,matched
trends_export_1783133639523.zip,1OE9nvnuDNrADuR32gwpa2q05Gue-Zp57,2419,2419,matched
trends_export_1783133646957.zip,1u71Q45d9UQ6Q5XqTl-T9GVoVWzlhfw5U,2422,2422,matched
trends_export_1783133654017.zip,1WIC89gAbGYSk46NfhJfS0ixewmcIUHkZ,2418,2418,matched
trends_export_1783133660098.zip,1y8IJrFsynEw8odtuxX2SYr65hTC47gxy,2418,2418,matched
trends_export_1783133669557.zip,1NkGRqyZ7SUW6k3VHFL9akeP_yAFT6YKL,145055,145055,matched
trends_export_1783133677375.zip,1uHOECkVhrRfoTuO-pc8Z9qi5aIFfGNHu,140454,140454,matched
trends_export_1783133685486.zip,1cJLtkIi2kHLMRDEG4A9gItFh4ED0AFWX,137851,137851,matched
trends_export_1783133691722.zip,1ReRcdnsj5wg4dG7rWgqNQGB3EP2B8rOq,2422,2422,matched
trends_export_1783133697277.zip,14TRNr4kiEm76G99NMs_bIk1d2X2HMr15,2419,2419,matched
trends_export_1783133702941.zip,1WJEFUog5AuvHiu6d5bobyz74JmqaMzYN,2428,2428,matched
trends_export_1783133711658.zip,1NmpMego9yG7GrMUCAIb4giEDGtJvei9F,2428,2428,matched
trends_export_1783133719920.zip,1hnFOODOPkMBRlTt3RnbvxVDZkgR-ggCw,2428,2428,matched
trends_export_1783133726544.zip,10QGwINCdiykIQbKcwIO37QfnOykzTSFW,2426,2426,matched
trends_export_1783133733379.zip,123atVucrnHRySp271RIfhAV44rp_JudF,2430,2430,matched
trends_export_1783133741941.zip,15tbAwy54KYtAlXGuFcNfPKjHa0XPsYBy,2423,2423,matched
trends_export_1783133748150.zip,18BJzjgY_LlUqr75u2ru2-GsxEdNoXhet,2420,2420,matched
trends_export_1783133753793.zip,1sC4qwsJzwQZBWHXB3aIn6kPSCOT02VOq,2428,2428,matched
trends_export_1783133776742.zip,17cVfAgZ2eroNm3rDIKtzQCOPozayJRYL,1237553,1237553,matched
trends_export_1783133803322.zip,1RfXpBlMagSXc7f18CWGBb7F-ZyZVHMO7,657240,657240,matched
trends_export_1783135708254.zip,11mpmkytt6xXBw6DECNKgcCctM_oJ6eO1,464178,464178,matched
trends_export_1783135718014.zip,1hYR5x_by2DXu8aEA0aGo8iwxPV_m5neI,148353,148353,matched
trends_export_1783135724964.zip,1VaxfYUJPc4ieje0Y7tgl3GYtl1AotD_q,2480,2480,matched
trends_export_1783135731493.zip,18dFMG0okKz_NtkCjJdfyk1QfMFrkONZj,173638,173638,matched
trends_export_1783135738220.zip,19SRrq7d7OoMpGjLTpD1C7lK2mlpAqFDk,4429,4429,matched
trends_export_1783135744541.zip,1N70qxMRoJCplHywMCunI_81gK2ka1iU_,4381,4381,matched
trends_export_1783135756008.zip,1UETCerxiLfcFdviKKu3uonIFS3mC0lG7,472665,472665,matched
trends_export_1783135766178.zip,1Q5opulMi0br3_gg-f5DJpHFhPdV2rl1w,53629,53629,matched
trends_export_1783135775788.zip,1EkEnhLi-LYHS4dJRkgHfHDCFYUfu_j8Q,13271,13271,matched
trends_export_1783135785010.zip,1xlao9JWO5Sk8NgdryxX15Q1dfaWfToVV,565,565,matched
trends_export_1783135791077.zip,1hDkAJydAbdBniEDHcIpDcuL0n2ZXbGzj,574,574,matched
trends_export_1783135798833.zip,1c4kEjhiMLIVCisW5_tNh2HYKgCnZqk4X,180597,180597,matched
trends_export_1783135806083.zip,16BL_tJnJJZEzBU5td6jVwqdhv5wX7mLA,5840,5840,matched
trends_export_1783135813416.zip,1Uju5O6tYwe5fmQdoP-0O_4SnHDkdb7GI,5730,5730,matched
trends_export_1783135829321.zip,1XF2hkUoMEfnVkGF4ZPkspmO4tAhV7QaU,491297,491297,matched
trends_export_1783135840403.zip,18XfAIOYCFbzMQuwsnIy1zeIQpJ0EBsw0,184,184,matched
trends_export_1783135847400.zip,1gJd5phWd2lvN6OpQD0cmWONSqgH21g_I,184,184,matched
trends_export_1783135853634.zip,1a4MKnRs2hwRQSJTbXH2OxR3Uzz6SgoKy,184,184,matched
trends_export_1783135861554.zip,1i0gsJDMeyqWjyQdk9oOEV1lH8WY35IJr,102736,102736,matched
trends_export_1783135871349.zip,1X-JEeBOuXZuCt3WXnEIJkfaNRfXjocc1,107148,107148,matched
trends_export_1783135880064.zip,1dGVEc02K20lzZ8h4DHpdXykBygksK_-1,184,184,matched
trends_export_1783135887736.zip,1oWPcrt99EN0NebxI7jJ_wj8xQv-jJG0S,184,184,matched
trends_export_1783135899056.zip,1I11DynHzEEhQc56eGlNdypZD6Jqm1V1n,184,184,matched
trends_export_1783135905554.zip,1bpvbFg2bJBGGli9_VtScCdmmHW6sAcr3,184,184,matched
trends_export_1783135971433.zip,1jDC9Zlj_dTTG5NvrofOANXVSJrDd0PdZ,8316,8316,matched
trends_export_1783135995033.zip,1GB8Wv44QvnIZNZ8NNm2XD-4P9GsW0hRZ,416,416,matched
trends_export_1783136016903.zip,1pqhFx60FZ_od6kj4118wEUlQ45LpfOcX,398,398,matched
trends_export_1783137886568.zip,1pdmcMkLaU8DcdUnWjdeOVMdPdjgZHU0M,2979108,2979108,matched
trends_export_1783138013177.zip,1EjbjH7x8KePOCOJ-R8Ge99DiqChh_Z_h,4790258,4790258,matched
