source_zip,source_csv,full_tag,row_count,timestamp_shape,coverage_start_raw,coverage_end_raw,order_violation_count
trends_export_1783132798422.zip,trends_export_tmp1783132799266.csv,PLTS IKN / STS09 / WB09_EMI01 / MEAS / AMBIENT AIR HUMIDITY,60000,naive,2026-06-01 00:00:05.331000,2026-06-23 21:18:59.439000,0
trends_export_1783132798422.zip,trends_export_tmp1783132799814.csv,PLTS IKN / STS09 / WB09_EMI01 / MEAS / AMBIENT AIR HUMIDITY,19651,naive,2026-06-23 21:19:02.704000,2026-06-30 23:59:55.972000,0
trends_export_1783132807419.zip,trends_export_tmp1783132807833.csv,PLTS IKN / STS09 / WB09_EMI01 / MEAS / AMBIENT AIR TEMP,13690,naive,2026-06-01 00:01:08.209000,2026-06-30 23:59:59.299000,0
trends_export_1783132813029.zip,trends_export_tmp1783132813308.csv,PLTS IKN / STS09 / WB09_EMI01 / MEAS / DAILY RAINFALL,458,naive,2026-06-01 07:24:17.852000,2026-06-30 23:59:09.606000,0
trends_export_1783132819168.zip,trends_export_tmp1783132819507.csv,PLTS IKN / STS09 / WB09_EMI01 / MEAS / DHI DAILY ACCUM,5887,naive,2026-06-01 06:24:03.862000,2026-06-30 14:38:24.472000,0
trends_export_1783132825322.zip,trends_export_tmp1783132825586.csv,PLTS IKN / STS09 / WB09_EMI01 / MEAS / DHI MONTHLY ACCUM,403,naive,2026-06-01 07:24:17.852000,2026-06-30 14:38:24.472000,0
trends_export_1783132831152.zip,trends_export_tmp1783132831432.csv,PLTS IKN / STS09 / WB09_EMI01 / MEAS / DHI YEARLY ACCUM,401,naive,2026-06-01 07:24:17.852000,2026-06-30 14:38:24.472000,0
trends_export_1783132838861.zip,trends_export_tmp1783132839288.csv,PLTS IKN / STS09 / WB09_EMI01 / MEAS / DIFFUSE HORIZONTAL IRRADIANCE (DHI),14342,naive,2026-06-01 06:11:48.054000,2026-06-30 14:38:24.472000,0
trends_export_1783132844496.zip,trends_export_tmp1783132844759.csv,PLTS IKN / STS09 / WB09_EMI01 / MEAS / DIRECT HORIZONTAL IRRADIANCE (DNI*cosZ),283,naive,2026-06-01 07:24:17.852000,2026-06-30 14:38:24.472000,0
trends_export_1783132852537.zip,trends_export_tmp1783132852796.csv,PLTS IKN / STS09 / WB09_EMI01 / MEAS / DNI*cosZ DAILY ACCUM,281,naive,2026-06-01 07:24:17.852000,2026-06-30 14:38:24.472000,0
trends_export_1783132858197.zip,trends_export_tmp1783132858457.csv,PLTS IKN / STS09 / WB09_EMI01 / MEAS / DNI*cosZ MONTHLY ACCUM,281,naive,2026-06-01 07:24:17.852000,2026-06-30 14:38:24.472000,0
trends_export_1783132863823.zip,trends_export_tmp1783132864080.csv,PLTS IKN / STS09 / WB09_EMI01 / MEAS / DNI*cosZ YEARLY ACCUM,282,naive,2026-06-01 07:24:17.852000,2026-06-30 14:38:24.472000,0
trends_export_1783132874321.zip,trends_export_tmp1783132874686.csv,PLTS IKN / STS09 / WB09_EMI01 / MEAS / GHI DAILY ACCUM,10583,naive,2026-06-01 07:24:17.852000,2026-06-30 17:53:33.005000,0
trends_export_1783132882016.zip,trends_export_tmp1783132882289.csv,PLTS IKN / STS09 / WB09_EMI01 / MEAS / GHI MONTHLY ACCUM,567,naive,2026-06-01 07:24:17.852000,2026-06-30 17:34:57.960000,0
trends_export_1783132888557.zip,trends_export_tmp1783132888816.csv,PLTS IKN / STS09 / WB09_EMI01 / MEAS / GHI YEARLY ACCUM,566,naive,2026-06-01 07:24:17.852000,2026-06-30 16:04:12.753000,0
trends_export_1783132900938.zip,trends_export_tmp1783132901457.csv,PLTS IKN / STS09 / WB09_EMI01 / MEAS / GLOBAL HORIZONTAL IRRADIANCE (GHI),24182,naive,2026-06-01 07:24:17.852000,2026-06-30 18:00:11.192000,1
trends_export_1783132911984.zip,trends_export_tmp1783132912715.csv,PLTS IKN / STS09 / WB09_EMI01 / MEAS / GLOBAL INCLINED IRRADIANCE (POA),47555,naive,2026-06-01 07:24:17.852000,2026-06-30 18:00:17.769000,1
trends_export_1783132920950.zip,trends_export_tmp1783132921210.csv,PLTS IKN / STS09 / WB09_EMI01 / MEAS / IN-PLANE REAR-SIDE IRRADIANCE (RSI) 01,281,naive,2026-06-01 07:24:17.852000,2026-06-30 14:38:24.472000,0
trends_export_1783132926975.zip,trends_export_tmp1783132927310.csv,PLTS IKN / STS09 / WB09_EMI01 / MEAS / IN-PLANE REAR-SIDE IRRADIANCE (RSI) 02,281,naive,2026-06-01 07:24:17.852000,2026-06-30 14:38:24.472000,0
trends_export_1783132934182.zip,trends_export_tmp1783132934445.csv,PLTS IKN / STS09 / WB09_EMI01 / MEAS / IN-PLANE REAR-SIDE IRRADIANCE (RSI) 03,281,naive,2026-06-01 07:24:17.852000,2026-06-30 14:38:24.472000,0
trends_export_1783132944350.zip,trends_export_tmp1783132944682.csv,PLTS IKN / STS09 / WB09_EMI01 / MEAS / PEAK OF SUN HOURS,6921,naive,2026-06-01 07:24:17.852000,2026-06-30 17:49:24.039000,0
trends_export_1783132951031.zip,trends_export_tmp1783132951421.csv,PLTS IKN / STS09 / WB09_EMI01 / MEAS / POA DAILY ACCUM,11388,naive,2026-06-01 07:24:17.852000,2026-06-30 17:54:32.697000,0
trends_export_1783132960069.zip,trends_export_tmp1783132960335.csv,PLTS IKN / STS09 / WB09_EMI01 / MEAS / POA MONTHLY ACCUM,541,naive,2026-06-01 07:24:17.852000,2026-06-30 16:46:31.502000,0
trends_export_1783132968050.zip,trends_export_tmp1783132968311.csv,PLTS IKN / STS09 / WB09_EMI01 / MEAS / POA YEARLY ACCUM,542,naive,2026-06-01 07:24:17.852000,2026-06-30 16:15:36.243000,0
trends_export_1783132978563.zip,trends_export_tmp1783132978826.csv,PLTS IKN / STS09 / WB09_EMI01 / MEAS / PRESSURE,281,naive,2026-06-01 07:24:17.852000,2026-06-30 14:38:24.472000,0
trends_export_1783132988065.zip,trends_export_tmp1783132988474.csv,PLTS IKN / STS09 / WB09_EMI01 / MEAS / PV MODUL TEMP 01,14968,naive,2026-06-01 00:09:05.740000,2026-06-30 23:55:34.211000,0
trends_export_1783132999904.zip,trends_export_tmp1783133000316.csv,PLTS IKN / STS09 / WB09_EMI01 / MEAS / PV MODUL TEMP 01,14968,naive,2026-06-01 00:09:05.740000,2026-06-30 23:55:34.211000,0
trends_export_1783133007679.zip,trends_export_tmp1783133008090.csv,PLTS IKN / STS09 / WB09_EMI01 / MEAS / PV MODUL TEMP 02,14430,naive,2026-06-01 00:24:00.641000,2026-06-30 23:33:24.926000,0
trends_export_1783133017086.zip,trends_export_tmp1783133017491.csv,PLTS IKN / STS09 / WB09_EMI01 / MEAS / PV MODUL TEMP 03,14755,naive,2026-06-01 00:07:36.210000,2026-06-30 23:58:33.129000,0
trends_export_1783133025380.zip,trends_export_tmp1783133025657.csv,PLTS IKN / STS09 / WB09_EMI01 / MEAS / RSI DAILY ACCUM 01,281,naive,2026-06-01 07:24:17.852000,2026-06-30 14:38:24.472000,0
trends_export_1783133032104.zip,trends_export_tmp1783133032364.csv,PLTS IKN / STS09 / WB09_EMI01 / MEAS / RSI DAILY ACCUM 02,281,naive,2026-06-01 07:24:17.852000,2026-06-30 14:38:24.472000,0
trends_export_1783133037559.zip,trends_export_tmp1783133037822.csv,PLTS IKN / STS09 / WB09_EMI01 / MEAS / RSI DAILY ACCUM 03,281,naive,2026-06-01 07:24:17.852000,2026-06-30 14:38:24.472000,0
trends_export_1783133044212.zip,trends_export_tmp1783133044475.csv,PLTS IKN / STS09 / WB09_EMI01 / MEAS / RSI MONTHLY ACCUM 01,281,naive,2026-06-01 07:24:17.852000,2026-06-30 14:38:24.472000,0
trends_export_1783133052851.zip,trends_export_tmp1783133053112.csv,PLTS IKN / STS09 / WB09_EMI01 / MEAS / RSI MONTHLY ACCUM 02,281,naive,2026-06-01 07:24:17.852000,2026-06-30 14:38:24.472000,0
trends_export_1783133058682.zip,trends_export_tmp1783133059160.csv,PLTS IKN / STS09 / WB09_EMI01 / MEAS / RSI MONTHLY ACCUM 03,281,naive,2026-06-01 07:24:17.852000,2026-06-30 14:38:24.472000,0
trends_export_1783133065616.zip,trends_export_tmp1783133066008.csv,PLTS IKN / STS09 / WB09_EMI01 / MEAS / RSI YEARLY ACCUM 01,282,naive,2026-06-01 07:24:17.852000,2026-06-30 14:38:24.472000,0
trends_export_1783133072246.zip,trends_export_tmp1783133072510.csv,PLTS IKN / STS09 / WB09_EMI01 / MEAS / RSI YEARLY ACCUM 02,282,naive,2026-06-01 07:24:17.852000,2026-06-30 14:38:24.472000,0
trends_export_1783133077930.zip,trends_export_tmp1783133078188.csv,PLTS IKN / STS09 / WB09_EMI01 / MEAS / RSI YEARLY ACCUM 03,281,naive,2026-06-01 07:24:17.852000,2026-06-30 14:38:24.472000,0
trends_export_1783133085080.zip,trends_export_tmp1783133085362.csv,PLTS IKN / STS09 / WB09_EMI01 / MEAS / WIND DIRECTION,281,naive,2026-06-01 07:24:17.852000,2026-06-30 14:38:24.472000,0
trends_export_1783133094694.zip,trends_export_tmp1783133095573.csv,PLTS IKN / STS09 / WB09_EMI01 / MEAS / WIND SPEED,60000,naive,2026-06-01 00:01:47.935000,2026-06-06 23:38:55.080000,1
trends_export_1783133094694.zip,trends_export_tmp1783133096446.csv,PLTS IKN / STS09 / WB09_EMI01 / MEAS / WIND SPEED,60000,naive,2026-06-06 23:38:58.423000,2026-06-13 02:49:21.608000,0
trends_export_1783133094694.zip,trends_export_tmp1783133097350.csv,PLTS IKN / STS09 / WB09_EMI01 / MEAS / WIND SPEED,60000,naive,2026-06-13 02:49:28.248000,2026-06-19 12:08:55.160000,0
trends_export_1783133094694.zip,trends_export_tmp1783133098255.csv,PLTS IKN / STS09 / WB09_EMI01 / MEAS / WIND SPEED,60000,naive,2026-06-19 12:09:05.111000,2026-06-25 13:41:52.481000,0
trends_export_1783133094694.zip,trends_export_tmp1783133099209.csv,PLTS IKN / STS09 / WB09_EMI01 / MEAS / WIND SPEED,56163,naive,2026-06-25 13:41:55.778000,2026-06-30 23:59:59.299000,0
trends_export_1783133131721.zip,trends_export_tmp1783133132472.csv,PLTS IKN / STS05 / WB05_EMI02 / MEAS / AMBIENT AIR HUMIDITY,49887,naive,2026-06-01 07:24:18.087000,2026-06-30 23:59:59.955000,1
trends_export_1783133144709.zip,trends_export_tmp1783133145070.csv,PLTS IKN / STS05 / WB05_EMI02 / MEAS / AMBIENT AIR TEMP,9545,naive,2026-06-01 07:24:18.087000,2026-06-30 23:56:35.590000,0
trends_export_1783133150997.zip,trends_export_tmp1783133151258.csv,PLTS IKN / STS05 / WB05_EMI02 / MEAS / DAILY RAINFALL,413,naive,2026-06-01 07:24:18.087000,2026-06-30 23:59:33.633000,0
trends_export_1783133157877.zip,trends_export_tmp1783133158249.csv,PLTS IKN / STS05 / WB05_EMI02 / MEAS / DHI DAILY ACCUM,11533,naive,2026-06-01 07:24:18.087000,2026-06-30 23:57:05.349000,0
trends_export_1783133164336.zip,trends_export_tmp1783133164600.csv,PLTS IKN / STS05 / WB05_EMI02 / MEAS / DHI MONTHLY ACCUM,579,naive,2026-06-01 07:24:18.087000,2026-06-30 16:51:09.416000,0
trends_export_1783133169942.zip,trends_export_tmp1783133170210.csv,PLTS IKN / STS05 / WB05_EMI02 / MEAS / DHI YEARLY ACCUM,578,naive,2026-06-01 07:24:18.087000,2026-06-30 16:22:16.414000,0
trends_export_1783133178439.zip,trends_export_tmp1783133179255.csv,PLTS IKN / STS05 / WB05_EMI02 / MEAS / DIFFUSE HORIZONTAL IRRADIANCE (DHI),31683,naive,2026-06-01 07:24:18.087000,2026-06-30 18:00:47.669000,0
trends_export_1783133188183.zip,trends_export_tmp1783133188457.csv,PLTS IKN / STS05 / WB05_EMI02 / MEAS / DIRECT HORIZONTAL IRRADIANCE (DNI*cosZ),714,naive,2026-06-01 07:24:18.087000,2026-06-30 14:38:25.113000,0
trends_export_1783133202012.zip,trends_export_tmp1783133202281.csv,PLTS IKN / STS05 / WB05_EMI02 / MEAS / DNI*cosZ DAILY ACCUM,363,naive,2026-06-01 07:24:18.087000,2026-06-30 14:38:25.113000,0
trends_export_1783133208025.zip,trends_export_tmp1783133208319.csv,PLTS IKN / STS05 / WB05_EMI02 / MEAS / DNI*cosZ MONTHLY ACCUM,273,naive,2026-06-01 07:24:18.087000,2026-06-30 14:38:25.113000,0
trends_export_1783133214278.zip,trends_export_tmp1783133214538.csv,PLTS IKN / STS05 / WB05_EMI02 / MEAS / DNI*cosZ YEARLY ACCUM,274,naive,2026-06-01 07:24:18.087000,2026-06-30 14:38:25.113000,0
trends_export_1783133220741.zip,trends_export_tmp1783133221122.csv,PLTS IKN / STS05 / WB05_EMI02 / MEAS / GHI DAILY ACCUM,11610,naive,2026-06-01 07:24:18.087000,2026-06-30 23:57:05.349000,0
trends_export_1783133227281.zip,trends_export_tmp1783133227546.csv,PLTS IKN / STS05 / WB05_EMI02 / MEAS / GHI MONTHLY ACCUM,603,naive,2026-06-01 07:24:18.087000,2026-06-30 16:10:00.216000,0
trends_export_1783133234907.zip,trends_export_tmp1783133235176.csv,PLTS IKN / STS05 / WB05_EMI02 / MEAS / GHI YEARLY ACCUM,603,naive,2026-06-01 07:24:18.087000,2026-06-30 16:15:56.911000,0
trends_export_1783133244877.zip,trends_export_tmp1783133245467.csv,PLTS IKN / STS05 / WB05_EMI02 / MEAS / GLOBAL HORIZONTAL IRRADIANCE (GHI),32023,naive,2026-06-01 07:24:18.087000,2026-06-30 18:00:57.558000,0
trends_export_1783133253648.zip,trends_export_tmp1783133254217.csv,PLTS IKN / STS05 / WB05_EMI02 / MEAS / GLOBAL INCLINED IRRADIANCE (POA),32510,naive,2026-06-01 07:24:18.087000,2026-06-30 18:01:20.647000,1
trends_export_1783133261794.zip,trends_export_tmp1783133262157.csv,PLTS IKN / STS05 / WB05_EMI02 / MEAS / IN-PLANE REAR-SIDE IRRADIANCE (RSI) 01,9374,naive,2026-06-01 07:24:18.087000,2026-06-30 16:28:03.064000,1
trends_export_1783133269396.zip,trends_export_tmp1783133269770.csv,PLTS IKN / STS05 / WB05_EMI02 / MEAS / IN-PLANE REAR-SIDE IRRADIANCE (RSI) 02,9152,naive,2026-06-01 07:24:18.087000,2026-06-30 16:26:53.766000,0
trends_export_1783133275465.zip,trends_export_tmp1783133275843.csv,PLTS IKN / STS05 / WB05_EMI02 / MEAS / IN-PLANE REAR-SIDE IRRADIANCE (RSI) 03,9514,naive,2026-06-01 07:24:18.087000,2026-06-30 16:28:03.064000,0
trends_export_1783133283152.zip,trends_export_tmp1783133283519.csv,PLTS IKN / STS05 / WB05_EMI02 / MEAS / PEAK OF SUN HOURS,7890,naive,2026-06-01 07:24:18.087000,2026-06-30 23:57:05.349000,0
trends_export_1783133289804.zip,trends_export_tmp1783133290192.csv,PLTS IKN / STS05 / WB05_EMI02 / MEAS / POA DAILY ACCUM,11780,naive,2026-06-01 07:24:18.087000,2026-06-30 23:57:05.349000,0
trends_export_1783133301267.zip,trends_export_tmp1783133301530.csv,PLTS IKN / STS05 / WB05_EMI02 / MEAS / POA MONTHLY ACCUM,632,naive,2026-06-01 07:24:18.087000,2026-06-30 16:54:10.943000,0
trends_export_1783133308627.zip,trends_export_tmp1783133308896.csv,PLTS IKN / STS05 / WB05_EMI02 / MEAS / POA YEARLY ACCUM,632,naive,2026-06-01 07:24:18.087000,2026-06-30 17:22:57.164000,0
trends_export_1783133316970.zip,trends_export_tmp1783133317228.csv,PLTS IKN / STS05 / WB05_EMI02 / MEAS / PRESSURE,272,naive,2026-06-01 07:24:18.087000,2026-06-30 14:38:25.113000,0
trends_export_1783133323101.zip,trends_export_tmp1783133323487.csv,PLTS IKN / STS05 / WB05_EMI02 / MEAS / PV MODUL TEMP 01,10431,naive,2026-06-01 07:24:18.087000,2026-06-30 23:33:53.468000,0
trends_export_1783133328980.zip,trends_export_tmp1783133329368.csv,PLTS IKN / STS05 / WB05_EMI02 / MEAS / PV MODUL TEMP 02,10589,naive,2026-06-01 07:24:18.087000,2026-06-30 23:47:27.994000,0
trends_export_1783133335226.zip,trends_export_tmp1783133335604.csv,PLTS IKN / STS05 / WB05_EMI02 / MEAS / PV MODUL TEMP 03,10294,naive,2026-06-01 07:24:18.087000,2026-06-30 23:46:21.992000,0
trends_export_1783133344524.zip,trends_export_tmp1783133344808.csv,PLTS IKN / STS05 / WB05_EMI02 / MEAS / RSI DAILY ACCUM 01,1038,naive,2026-06-01 07:24:18.087000,2026-06-30 23:57:05.349000,0
trends_export_1783133350028.zip,trends_export_tmp1783133350299.csv,PLTS IKN / STS05 / WB05_EMI02 / MEAS / RSI DAILY ACCUM 02,936,naive,2026-06-01 07:24:18.087000,2026-06-30 23:57:05.349000,0
trends_export_1783133356013.zip,trends_export_tmp1783133356283.csv,PLTS IKN / STS05 / WB05_EMI02 / MEAS / RSI DAILY ACCUM 03,1010,naive,2026-06-01 07:24:18.087000,2026-06-30 23:57:05.349000,0
trends_export_1783133364386.zip,trends_export_tmp1783133364644.csv,PLTS IKN / STS05 / WB05_EMI02 / MEAS / RSI MONTHLY ACCUM 01,280,naive,2026-06-01 07:24:18.087000,2026-06-30 14:38:25.113000,0
trends_export_1783133370583.zip,trends_export_tmp1783133370845.csv,PLTS IKN / STS05 / WB05_EMI02 / MEAS / RSI MONTHLY ACCUM 02,279,naive,2026-06-01 07:24:18.087000,2026-06-30 14:38:25.113000,0
trends_export_1783133377214.zip,trends_export_tmp1783133377473.csv,PLTS IKN / STS05 / WB05_EMI02 / MEAS / RSI MONTHLY ACCUM 03,280,naive,2026-06-01 07:24:18.087000,2026-06-30 14:38:25.113000,0
trends_export_1783133382878.zip,trends_export_tmp1783133383145.csv,PLTS IKN / STS05 / WB05_EMI02 / MEAS / RSI YEARLY ACCUM 01,280,naive,2026-06-01 07:24:18.087000,2026-06-30 14:38:25.113000,0
trends_export_1783133389112.zip,trends_export_tmp1783133389390.csv,PLTS IKN / STS05 / WB05_EMI02 / MEAS / RSI YEARLY ACCUM 02,279,naive,2026-06-01 07:24:18.087000,2026-06-30 14:38:25.113000,0
trends_export_1783133396453.zip,trends_export_tmp1783133396718.csv,PLTS IKN / STS05 / WB05_EMI02 / MEAS / RSI YEARLY ACCUM 03,280,naive,2026-06-01 07:24:18.087000,2026-06-30 14:38:25.113000,0
trends_export_1783133418134.zip,trends_export_tmp1783133418981.csv,PLTS IKN / STS05 / WB05_EMI02 / MEAS / WIND DIRECTION,60000,naive,2026-06-01 07:24:18.087000,2026-06-18 19:46:04.694000,0
trends_export_1783133418134.zip,trends_export_tmp1783133419844.csv,PLTS IKN / STS05 / WB05_EMI02 / MEAS / WIND DIRECTION,60000,naive,2026-06-18 19:46:08.006000,2026-06-27 23:50:46.968000,0
trends_export_1783133418134.zip,trends_export_tmp1783133420391.csv,PLTS IKN / STS05 / WB05_EMI02 / MEAS / WIND DIRECTION,21994,naive,2026-06-27 23:50:56.857000,2026-06-30 23:59:53.394000,0
trends_export_1783133435861.zip,trends_export_tmp1783133436697.csv,PLTS IKN / STS05 / WB05_EMI02 / MEAS / WIND SPEED,60000,naive,2026-06-01 07:24:18.087000,2026-06-29 16:44:35.662000,0
trends_export_1783133435861.zip,trends_export_tmp1783133437102.csv,PLTS IKN / STS05 / WB05_EMI02 / MEAS / WIND SPEED,6903,naive,2026-06-29 16:44:58.798000,2026-06-30 23:59:59.955000,0
trends_export_1783133458781.zip,trends_export_tmp1783133459664.csv,PLTS IKN / STS06 / WB06_EMI03 / MEAS / AMBIENT AIR HUMIDITY,60000,naive,2026-06-01 06:41:31.484000,2026-06-23 13:30:35.598000,0
trends_export_1783133458781.zip,trends_export_tmp1783133460248.csv,PLTS IKN / STS06 / WB06_EMI03 / MEAS / AMBIENT AIR HUMIDITY,21362,naive,2026-06-23 13:31:02.030000,2026-06-30 23:59:55.941000,1
trends_export_1783133473044.zip,trends_export_tmp1783133473494.csv,PLTS IKN / STS06 / WB06_EMI03 / MEAS / AMBIENT AIR TEMP,15671,naive,2026-06-01 00:02:46.377000,2026-06-30 23:59:09.793000,0
trends_export_1783133480643.zip,trends_export_tmp1783133480907.csv,PLTS IKN / STS06 / WB06_EMI03 / MEAS / DAILY RAINFALL,474,naive,2026-06-01 07:24:17.306000,2026-06-30 23:59:09.793000,0
trends_export_1783133488308.zip,trends_export_tmp1783133488741.csv,PLTS IKN / STS06 / WB06_EMI03 / MEAS / DHI DAILY ACCUM,17637,naive,2026-06-01 00:58:31.108000,2026-06-30 17:53:35.411000,0
trends_export_1783133495737.zip,trends_export_tmp1783133496002.csv,PLTS IKN / STS06 / WB06_EMI03 / MEAS / DHI MONTHLY ACCUM,800,naive,2026-06-01 06:32:00.846000,2026-06-30 16:46:57.950000,0
trends_export_1783133504315.zip,trends_export_tmp1783133504584.csv,PLTS IKN / STS06 / WB06_EMI03 / MEAS / DHI YEARLY ACCUM,774,naive,2026-06-01 07:24:17.306000,2026-06-30 16:16:02.722000,0
trends_export_1783133520022.zip,trends_export_tmp1783133520758.csv,PLTS IKN / STS06 / WB06_EMI03 / MEAS / DIFFUSE HORIZONTAL IRRADIANCE (DHI),46968,naive,2026-06-01 06:08:41.513000,2026-06-30 18:01:33.817000,1
trends_export_1783133528371.zip,trends_export_tmp1783133528634.csv,PLTS IKN / STS06 / WB06_EMI03 / MEAS / DIRECT HORIZONTAL IRRADIANCE (DNI*cosZ),403,naive,2026-06-01 07:24:17.306000,2026-06-30 14:38:23.957000,0
trends_export_1783133534154.zip,trends_export_tmp1783133534411.csv,PLTS IKN / STS06 / WB06_EMI03 / MEAS / DNI*cosZ DAILY ACCUM,279,naive,2026-06-01 07:24:17.306000,2026-06-30 14:38:23.957000,0
trends_export_1783133542190.zip,trends_export_tmp1783133542456.csv,PLTS IKN / STS06 / WB06_EMI03 / MEAS / DNI*cosZ MONTHLY ACCUM,271,naive,2026-06-01 07:24:17.306000,2026-06-30 14:38:23.957000,0
trends_export_1783133549064.zip,trends_export_tmp1783133549343.csv,PLTS IKN / STS06 / WB06_EMI03 / MEAS / DNI*cosZ YEARLY ACCUM,271,naive,2026-06-01 07:24:17.306000,2026-06-30 14:38:23.957000,0
trends_export_1783133558723.zip,trends_export_tmp1783133559235.csv,PLTS IKN / STS06 / WB06_EMI03 / MEAS / GHI DAILY ACCUM,16943,naive,2026-06-01 00:58:31.108000,2026-06-30 17:57:49.533000,0
trends_export_1783133566875.zip,trends_export_tmp1783133567138.csv,PLTS IKN / STS06 / WB06_EMI03 / MEAS / GHI MONTHLY ACCUM,736,naive,2026-06-01 07:24:17.306000,2026-06-30 16:14:03.824000,0
trends_export_1783133573617.zip,trends_export_tmp1783133573886.csv,PLTS IKN / STS06 / WB06_EMI03 / MEAS / GHI YEARLY ACCUM,722,naive,2026-06-01 07:24:17.306000,2026-06-30 16:16:48.932000,0
trends_export_1783133586113.zip,trends_export_tmp1783133586830.csv,PLTS IKN / STS06 / WB06_EMI03 / MEAS / GLOBAL HORIZONTAL IRRADIANCE (GHI),45025,naive,2026-06-01 06:11:10.093000,2026-06-30 18:00:21.346000,0
trends_export_1783133598001.zip,trends_export_tmp1783133598260.csv,PLTS IKN / STS06 / WB06_EMI03 / MEAS / GLOBAL INCLINED IRRADIANCE (POA),271,naive,2026-06-01 07:24:17.306000,2026-06-30 14:38:23.957000,0
trends_export_1783133604734.zip,trends_export_tmp1783133604996.csv,PLTS IKN / STS06 / WB06_EMI03 / MEAS / IN-PLANE REAR-SIDE IRRADIANCE (RSI) 01,271,naive,2026-06-01 07:24:17.306000,2026-06-30 14:38:23.957000,0
trends_export_1783133610369.zip,trends_export_tmp1783133610638.csv,PLTS IKN / STS06 / WB06_EMI03 / MEAS / IN-PLANE REAR-SIDE IRRADIANCE (RSI) 02,271,naive,2026-06-01 07:24:17.306000,2026-06-30 14:38:23.957000,0
trends_export_1783133617128.zip,trends_export_tmp1783133617411.csv,PLTS IKN / STS06 / WB06_EMI03 / MEAS / IN-PLANE REAR-SIDE IRRADIANCE (RSI) 03,271,naive,2026-06-01 07:24:17.306000,2026-06-30 14:38:23.957000,0
trends_export_1783133630079.zip,trends_export_tmp1783133630457.csv,PLTS IKN / STS06 / WB06_EMI03 / MEAS / PEAK OF SUN HOURS,11185,naive,2026-06-01 00:58:31.108000,2026-06-30 17:40:16.584000,0
trends_export_1783133639523.zip,trends_export_tmp1783133639784.csv,PLTS IKN / STS06 / WB06_EMI03 / MEAS / POA DAILY ACCUM,271,naive,2026-06-01 07:24:17.306000,2026-06-30 14:38:23.957000,0
trends_export_1783133646957.zip,trends_export_tmp1783133647218.csv,PLTS IKN / STS06 / WB06_EMI03 / MEAS / POA MONTHLY ACCUM,271,naive,2026-06-01 07:24:17.306000,2026-06-30 14:38:23.957000,0
trends_export_1783133654017.zip,trends_export_tmp1783133654283.csv,PLTS IKN / STS06 / WB06_EMI03 / MEAS / POA YEARLY ACCUM,271,naive,2026-06-01 07:24:17.306000,2026-06-30 14:38:23.957000,0
trends_export_1783133660098.zip,trends_export_tmp1783133660358.csv,PLTS IKN / STS06 / WB06_EMI03 / MEAS / PRESSURE,271,naive,2026-06-01 07:24:17.306000,2026-06-30 14:38:23.957000,0
trends_export_1783133669557.zip,trends_export_tmp1783133669982.csv,PLTS IKN / STS06 / WB06_EMI03 / MEAS / PV MODUL TEMP 01,14539,naive,2026-06-01 00:00:04.675000,2026-06-30 23:48:33.154000,0
trends_export_1783133677375.zip,trends_export_tmp1783133677775.csv,PLTS IKN / STS06 / WB06_EMI03 / MEAS / PV MODUL TEMP 02,14021,naive,2026-06-01 00:00:31.138000,2026-06-30 23:50:21.929000,0
trends_export_1783133685486.zip,trends_export_tmp1783133685897.csv,PLTS IKN / STS06 / WB06_EMI03 / MEAS / PV MODUL TEMP 03,13742,naive,2026-06-01 00:02:03.479000,2026-06-30 23:32:56.588000,0
trends_export_1783133691722.zip,trends_export_tmp1783133691982.csv,PLTS IKN / STS06 / WB06_EMI03 / MEAS / RSI DAILY ACCUM 01,271,naive,2026-06-01 07:24:17.306000,2026-06-30 14:38:23.957000,0
trends_export_1783133697277.zip,trends_export_tmp1783133697537.csv,PLTS IKN / STS06 / WB06_EMI03 / MEAS / RSI DAILY ACCUM 02,271,naive,2026-06-01 07:24:17.306000,2026-06-30 14:38:23.957000,0
trends_export_1783133702941.zip,trends_export_tmp1783133703200.csv,PLTS IKN / STS06 / WB06_EMI03 / MEAS / RSI DAILY ACCUM 03,271,naive,2026-06-01 07:24:17.306000,2026-06-30 14:38:23.957000,0
trends_export_1783133711658.zip,trends_export_tmp1783133711920.csv,PLTS IKN / STS06 / WB06_EMI03 / MEAS / RSI DAILY ACCUM 03,271,naive,2026-06-01 07:24:17.306000,2026-06-30 14:38:23.957000,0
trends_export_1783133719920.zip,trends_export_tmp1783133720182.csv,PLTS IKN / STS06 / WB06_EMI03 / MEAS / RSI MONTHLY ACCUM 01,271,naive,2026-06-01 07:24:17.306000,2026-06-30 14:38:23.957000,0
trends_export_1783133726544.zip,trends_export_tmp1783133726804.csv,PLTS IKN / STS06 / WB06_EMI03 / MEAS / RSI MONTHLY ACCUM 02,271,naive,2026-06-01 07:24:17.306000,2026-06-30 14:38:23.957000,0
trends_export_1783133733379.zip,trends_export_tmp1783133733665.csv,PLTS IKN / STS06 / WB06_EMI03 / MEAS / RSI MONTHLY ACCUM 03,271,naive,2026-06-01 07:24:17.306000,2026-06-30 14:38:23.957000,0
trends_export_1783133741941.zip,trends_export_tmp1783133742199.csv,PLTS IKN / STS06 / WB06_EMI03 / MEAS / RSI YEARLY ACCUM 01,271,naive,2026-06-01 07:24:17.306000,2026-06-30 14:38:23.957000,0
trends_export_1783133748150.zip,trends_export_tmp1783133748412.csv,PLTS IKN / STS06 / WB06_EMI03 / MEAS / RSI YEARLY ACCUM 02,271,naive,2026-06-01 07:24:17.306000,2026-06-30 14:38:23.957000,0
trends_export_1783133753793.zip,trends_export_tmp1783133754068.csv,PLTS IKN / STS06 / WB06_EMI03 / MEAS / RSI YEARLY ACCUM 03,271,naive,2026-06-01 07:24:17.306000,2026-06-30 14:38:23.957000,0
trends_export_1783133776742.zip,trends_export_tmp1783133777603.csv,PLTS IKN / STS06 / WB06_EMI03 / MEAS / WIND DIRECTION,60000,naive,2026-06-01 00:00:01.363000,2026-06-13 08:21:27.176000,0
trends_export_1783133776742.zip,trends_export_tmp1783133778465.csv,PLTS IKN / STS06 / WB06_EMI03 / MEAS / WIND DIRECTION,60000,naive,2026-06-13 08:21:50.297000,2026-06-26 14:12:35.422000,1
trends_export_1783133776742.zip,trends_export_tmp1783133779056.csv,PLTS IKN / STS06 / WB06_EMI03 / MEAS / WIND DIRECTION,20105,naive,2026-06-26 14:12:58.527000,2026-06-30 23:59:49.333000,0
trends_export_1783133803322.zip,trends_export_tmp1783133804188.csv,PLTS IKN / STS06 / WB06_EMI03 / MEAS / WIND SPEED,60000,naive,2026-06-01 01:58:47.097000,2026-06-22 22:51:33.474000,0
trends_export_1783133803322.zip,trends_export_tmp1783133804730.csv,PLTS IKN / STS06 / WB06_EMI03 / MEAS / WIND SPEED,21804,naive,2026-06-22 22:51:43.379000,2026-06-30 23:59:59.237000,0
trends_export_1783135708254.zip,trends_export_tmp1783135709074.csv,PLTS IKN / STS04 / WB04_EMI04 / MEAS / AMBIENT AIR HUMIDITY,51921,naive,2026-06-01 08:43:23.369000,2026-06-30 21:30:56.174000,0
trends_export_1783135718014.zip,trends_export_tmp1783135718463.csv,PLTS IKN / STS04 / WB04_EMI04 / MEAS / AMBIENT AIR TEMP,15738,naive,2026-06-01 00:01:03.679000,2026-06-30 23:57:21.393000,0
trends_export_1783135724964.zip,trends_export_tmp1783135725225.csv,PLTS IKN / STS04 / WB04_EMI04 / MEAS / DAILY RAINFALL,213,naive,2026-06-01 15:47:58.278000,2026-06-30 23:59:00.108000,0
trends_export_1783135731493.zip,trends_export_tmp1783135732830.csv,PLTS IKN / STS04 / WB04_EMI04 / MEAS / DHI DAILY ACCUM,16352,naive,2026-06-01 06:24:06.612000,2026-06-30 23:57:50.934000,0
trends_export_1783135738220.zip,trends_export_tmp1783135738504.csv,PLTS IKN / STS04 / WB04_EMI04 / MEAS / DHI MONTHLY ACCUM,346,naive,2026-06-01 08:26:00.731000,2026-06-30 23:57:47.669000,0
trends_export_1783135744541.zip,trends_export_tmp1783135744801.csv,PLTS IKN / STS04 / WB04_EMI04 / MEAS / DHI YEARLY ACCUM,343,naive,2026-06-01 07:53:46.956000,2026-06-30 16:16:46.917000,0
trends_export_1783135756008.zip,trends_export_tmp1783135756769.csv,PLTS IKN / STS04 / WB04_EMI04 / MEAS / DIFFUSE HORIZONTAL IRRADIANCE (DHI),51722,naive,2026-06-01 06:11:24.997000,2026-06-30 17:58:41.647000,0
trends_export_1783135766178.zip,trends_export_tmp1783135766509.csv,PLTS IKN / STS04 / WB04_EMI04 / MEAS / DIRECT HORIZONTAL IRRADIANCE (DNI*cosZ),5875,naive,2026-06-01 10:55:48.226000,2026-06-30 14:41:12.423000,0
trends_export_1783135775788.zip,trends_export_tmp1783135776065.csv,PLTS IKN / STS04 / WB04_EMI04 / MEAS / DNI*cosZ DAILY ACCUM,1253,naive,2026-06-01 10:57:33.830000,2026-06-30 23:57:50.934000,0
trends_export_1783135785010.zip,trends_export_tmp1783135785273.csv,PLTS IKN / STS04 / WB04_EMI04 / MEAS / DNI*cosZ MONTHLY ACCUM,20,naive,2026-06-02 11:28:22.893000,2026-06-30 23:57:47.669000,0
trends_export_1783135791077.zip,trends_export_tmp1783135791333.csv,PLTS IKN / STS04 / WB04_EMI04 / MEAS / DNI*cosZ YEARLY ACCUM,20,naive,2026-06-01 11:46:49.700000,2026-06-30 11:06:44.353000,0
trends_export_1783135798833.zip,trends_export_tmp1783135799267.csv,PLTS IKN / STS04 / WB04_EMI04 / MEAS / GHI DAILY ACCUM,16962,naive,2026-06-01 06:23:04.030000,2026-06-30 23:57:50.934000,0
trends_export_1783135806083.zip,trends_export_tmp1783135806362.csv,PLTS IKN / STS04 / WB04_EMI04 / MEAS / GHI MONTHLY ACCUM,464,naive,2026-06-01 08:12:34.796000,2026-06-30 23:57:47.669000,0
trends_export_1783135813416.zip,trends_export_tmp1783135813987.csv,PLTS IKN / STS04 / WB04_EMI04 / MEAS / GHI YEARLY ACCUM,457,naive,2026-06-01 07:31:14.739000,2026-06-30 16:22:59.687000,0
trends_export_1783135829321.zip,trends_export_tmp1783135830104.csv,PLTS IKN / STS04 / WB04_EMI04 / MEAS / GLOBAL HORIZONTAL IRRADIANCE (GHI),53445,naive,2026-06-01 06:10:55.315000,2026-06-30 17:59:27.841000,0
trends_export_1783135861554.zip,trends_export_tmp1783135861939.csv,PLTS IKN / STS04 / WB04_EMI04 / MEAS / IN-PLANE REAR-SIDE IRRADIANCE (RSI) 03,12359,naive,2026-06-01 07:52:21.286000,2026-06-30 16:22:39.941000,0
trends_export_1783135871349.zip,trends_export_tmp1783135871732.csv,PLTS IKN / STS04 / WB04_EMI04 / MEAS / PEAK OF SUN HOURS,10904,naive,2026-06-01 06:38:40.736000,2026-06-30 23:57:50.934000,0
trends_export_1783135971433.zip,trends_export_tmp1783135971700.csv,PLTS IKN / STS04 / WB04_EMI04 / MEAS / RSI DAILY ACCUM 03,758,naive,2026-06-01 08:26:00.731000,2026-06-30 23:57:50.934000,0
trends_export_1783135995033.zip,trends_export_tmp1783135995300.csv,PLTS IKN / STS04 / WB04_EMI04 / MEAS / RSI MONTHLY ACCUM 03,8,naive,2026-06-04 10:45:53.697000,2026-06-30 23:57:47.669000,0
trends_export_1783136016903.zip,trends_export_tmp1783136017159.csv,PLTS IKN / STS04 / WB04_EMI04 / MEAS / RSI YEARLY ACCUM 03,7,naive,2026-06-02 11:55:52.255000,2026-06-26 15:47:46.186000,0
trends_export_1783137886568.zip,trends_export_tmp1783137887404.csv,PLTS IKN / STS02 / WB02_EMI05 / MEAS / Daily radiation,60000,naive,2026-06-01 06:02:25.134000,2026-06-06 09:19:16.174000,0
trends_export_1783137886568.zip,trends_export_tmp1783137888283.csv,PLTS IKN / STS02 / WB02_EMI05 / MEAS / Daily radiation,60000,naive,2026-06-06 09:19:17.658000,2026-06-11 14:42:21.887000,0
trends_export_1783137886568.zip,trends_export_tmp1783137889199.csv,PLTS IKN / STS02 / WB02_EMI05 / MEAS / Daily radiation,60000,naive,2026-06-11 14:42:26.480000,2026-06-17 13:38:33.204000,1
trends_export_1783137886568.zip,trends_export_tmp1783137890157.csv,PLTS IKN / STS02 / WB02_EMI05 / MEAS / Daily radiation,60000,naive,2026-06-17 13:38:36.250000,2026-06-23 10:37:23.633000,0
trends_export_1783137886568.zip,trends_export_tmp1783137891151.csv,PLTS IKN / STS02 / WB02_EMI05 / MEAS / Daily radiation,60000,naive,2026-06-23 10:37:28.179000,2026-06-28 15:23:39.404000,0
trends_export_1783137886568.zip,trends_export_tmp1783137891797.csv,PLTS IKN / STS02 / WB02_EMI05 / MEAS / Daily radiation,19949,naive,2026-06-28 15:23:42.434000,2026-06-30 23:56:54.289000,0
trends_export_1783138013177.zip,trends_export_tmp1783138014019.csv,PLTS IKN / STS02 / WB02_EMI05 / MEAS / Total Irradiance,60000,naive,2026-06-01 05:53:12.603000,2026-06-03 16:53:41.215000,0
trends_export_1783138013177.zip,trends_export_tmp1783138014910.csv,PLTS IKN / STS02 / WB02_EMI05 / MEAS / Total Irradiance,60000,naive,2026-06-03 16:53:44.230000,2026-06-06 17:12:47.420000,1
trends_export_1783138013177.zip,trends_export_tmp1783138015868.csv,PLTS IKN / STS02 / WB02_EMI05 / MEAS / Total Irradiance,60000,naive,2026-06-06 17:12:50.466000,2026-06-09 16:41:58.878000,0
trends_export_1783138013177.zip,trends_export_tmp1783138016885.csv,PLTS IKN / STS02 / WB02_EMI05 / MEAS / Total Irradiance,60000,naive,2026-06-09 16:42:01.893000,2026-06-13 07:21:14.530000,0
trends_export_1783138013177.zip,trends_export_tmp1783138017874.csv,PLTS IKN / STS02 / WB02_EMI05 / MEAS / Total Irradiance,60000,naive,2026-06-13 07:21:16.092000,2026-06-16 10:22:03.583000,0
trends_export_1783138013177.zip,trends_export_tmp1783138019000.csv,PLTS IKN / STS02 / WB02_EMI05 / MEAS / Total Irradiance,60000,naive,2026-06-16 10:22:05.098000,2026-06-20 07:24:07.116000,0
trends_export_1783138013177.zip,trends_export_tmp1783138020062.csv,PLTS IKN / STS02 / WB02_EMI05 / MEAS / Total Irradiance,60000,naive,2026-06-20 07:24:08.584000,2026-06-23 15:24:45.486000,1
trends_export_1783138013177.zip,trends_export_tmp1783138021148.csv,PLTS IKN / STS02 / WB02_EMI05 / MEAS / Total Irradiance,60000,naive,2026-06-23 15:24:47.033000,2026-06-27 13:02:39.634000,0
trends_export_1783138013177.zip,trends_export_tmp1783138022267.csv,PLTS IKN / STS02 / WB02_EMI05 / MEAS / Total Irradiance,53171,naive,2026-06-27 13:02:41.165000,2026-06-30 23:52:08.111000,0
